GameOver TIMESTEP: 49, STATE: observe, EPSILON: 0.4, ACTION: 1, REWARD: -1, Q_MAX: 4.664286e-02, Episode Reward: 3.799999999999999, Average Reward: 3.799999999999999, Standard Deviation Of Score: 0.0, Flaps: 0, Average Flaps: 0.0, Standard Deviation Of Flaps: 0.0
GameOver TIMESTEP: 99, STATE: observe, EPSILON: 0.4, ACTION: 0, REWARD: -1, Q_MAX: 3.820778e-02, Episode Reward: 3.8999999999999986, Average Reward: 3.8499999999999988, Standard Deviation Of Score: 0.04999999999999982, Flaps: 0, Average Flaps: 0.0, Standard Deviation Of Flaps: 0.0
GameOver TIMESTEP: 149, STATE: observe, EPSILON: 0.4, ACTION: 0, REWARD: -1, Q_MAX: 3.896118e-02, Episode Reward: 3.8999999999999986, Average Reward: 3.8666666666666654, Standard Deviation Of Score: 0.047140452079103, Flaps: 0, Average Flaps: 0.0, Standard Deviation Of Flaps: 0.0
GameOver TIMESTEP: 199, STATE: observe, EPSILON: 0.4, ACTION: 1, REWARD: -1, Q_MAX: 4.514652e-02, Episode Reward: 3.8999999999999986, Average Reward: 3.8749999999999987, Standard Deviation Of Score: 0.04330127018922177, Flaps: 0, Average Flaps: 0.0, Standard Deviation Of Flaps: 0.0
GameOver TIMESTEP: 249, STATE: observe, EPSILON: 0.4, ACTION: 1, REWARD: -1, Q_MAX: 4.044959e-02, Episode Reward: 3.8999999999999986, Average Reward: 3.879999999999998, Standard Deviation Of Score: 0.039999999999999855, Flaps: 0, Average Flaps: 0.0, Standard Deviation Of Flaps: 0.0
GameOver TIMESTEP: 299, STATE: observe, EPSILON: 0.4, ACTION: 1, REWARD: -1, Q_MAX: 4.650015e-02, Episode Reward: 3.8999999999999986, Average Reward: 3.8833333333333315, Standard Deviation Of Score: 0.037267799624996364, Flaps: 0, Average Flaps: 0.0, Standard Deviation Of Flaps: 0.0
GameOver TIMESTEP: 349, STATE: observe, EPSILON: 0.4, ACTION: 0, REWARD: -1, Q_MAX: 3.903106e-02, Episode Reward: 3.8999999999999986, Average Reward: 3.885714285714284, Standard Deviation Of Score: 0.03499271061118813, Flaps: 0, Average Flaps: 0.0, Standard Deviation Of Flaps: 0.0
GameOver TIMESTEP: 399, STATE: observe, EPSILON: 0.4, ACTION: 0, REWARD: -1, Q_MAX: 3.456356e-02, Episode Reward: 3.8999999999999986, Average Reward: 3.8874999999999984, Standard Deviation Of Score: 0.03307189138830727, Flaps: 0, Average Flaps: 0.0, Standard Deviation Of Flaps: 0.0
GameOver TIMESTEP: 449, STATE: observe, EPSILON: 0.4, ACTION: 0, REWARD: -1, Q_MAX: 4.135817e-02, Episode Reward: 3.8999999999999986, Average Reward: 3.8888888888888875, Standard Deviation Of Score: 0.031426968052735337, Flaps: 0, Average Flaps: 0.0, Standard Deviation Of Flaps: 0.0
GameOver TIMESTEP: 499, STATE: observe, EPSILON: 0.4, ACTION: 0, REWARD: -1, Q_MAX: 4.105821e-02, Episode Reward: 3.8999999999999986, Average Reward: 3.8899999999999983, Standard Deviation Of Score: 0.02999999999999989, Flaps: 0, Average Flaps: 0.0, Standard Deviation Of Flaps: 0.0
GameOver TIMESTEP: 549, STATE: observe, EPSILON: 0.4, ACTION: 0, REWARD: -1, Q_MAX: 3.964744e-02, Episode Reward: 3.8999999999999986, Average Reward: 3.8909090909090893, Standard Deviation Of Score: 0.028747978728803348, Flaps: 0, Average Flaps: 0.0, Standard Deviation Of Flaps: 0.0
GameOver TIMESTEP: 599, STATE: observe, EPSILON: 0.4, ACTION: 0, REWARD: -1, Q_MAX: 4.572951e-02, Episode Reward: 3.8999999999999986, Average Reward: 3.8916666666666653, Standard Deviation Of Score: 0.027638539919628228, Flaps: 0, Average Flaps: 0.0, Standard Deviation Of Flaps: 0.0
GameOver TIMESTEP: 649, STATE: observe, EPSILON: 0.4, ACTION: 0, REWARD: -1, Q_MAX: 4.566345e-02, Episode Reward: 3.8999999999999986, Average Reward: 3.892307692307691, Standard Deviation Of Score: 0.026646935501059555, Flaps: 0, Average Flaps: 0.0, Standard Deviation Of Flaps: 0.0
GameOver TIMESTEP: 699, STATE: observe, EPSILON: 0.4, ACTION: 1, REWARD: -1, Q_MAX: 3.394627e-02, Episode Reward: 3.8999999999999986, Average Reward: 3.8928571428571415, Standard Deviation Of Score: 0.02575393768188554, Flaps: 0, Average Flaps: 0.0, Standard Deviation Of Flaps: 0.0
GameOver TIMESTEP: 749, STATE: observe, EPSILON: 0.4, ACTION: 0, REWARD: -1, Q_MAX: 3.941117e-02, Episode Reward: 3.8999999999999986, Average Reward: 3.8933333333333318, Standard Deviation Of Score: 0.02494438257849285, Flaps: 0, Average Flaps: 0.0, Standard Deviation Of Flaps: 0.0
GameOver TIMESTEP: 799, STATE: observe, EPSILON: 0.4, ACTION: 0, REWARD: -1, Q_MAX: 3.827854e-02, Episode Reward: 3.8999999999999986, Average Reward: 3.8937499999999985, Standard Deviation Of Score: 0.024206145913796266, Flaps: 0, Average Flaps: 0.0, Standard Deviation Of Flaps: 0.0
GameOver TIMESTEP: 849, STATE: observe, EPSILON: 0.4, ACTION: 1, REWARD: -1, Q_MAX: 4.418610e-02, Episode Reward: 3.8999999999999986, Average Reward: 3.894117647058822, Standard Deviation Of Score: 0.023529411764705795, Flaps: 0, Average Flaps: 0.0, Standard Deviation Of Flaps: 0.0
GameOver TIMESTEP: 899, STATE: observe, EPSILON: 0.4, ACTION: 0, REWARD: -1, Q_MAX: 3.501382e-02, Episode Reward: 3.8999999999999986, Average Reward: 3.8944444444444426, Standard Deviation Of Score: 0.022906142364542477, Flaps: 0, Average Flaps: 0.0, Standard Deviation Of Flaps: 0.0
GameOver TIMESTEP: 949, STATE: observe, EPSILON: 0.4, ACTION: 0, REWARD: -1, Q_MAX: 4.367360e-02, Episode Reward: 3.8999999999999986, Average Reward: 3.8947368421052615, Standard Deviation Of Score: 0.022329687826943525, Flaps: 0, Average Flaps: 0.0, Standard Deviation Of Flaps: 0.0
GameOver TIMESTEP: 999, STATE: observe, EPSILON: 0.4, ACTION: 0, REWARD: -1, Q_MAX: 3.087212e-02, Episode Reward: 3.8999999999999986, Average Reward: 3.8949999999999987, Standard Deviation Of Score: 0.02179449471770329, Flaps: 0, Average Flaps: 0.0, Standard Deviation Of Flaps: 0.0
GameOver TIMESTEP: 1049, STATE: observe, EPSILON: 0.4, ACTION: 1, REWARD: -1, Q_MAX: 3.847282e-02, Episode Reward: 3.8999999999999986, Average Reward: 3.8952380952380943, Standard Deviation Of Score: 0.02129588549999792, Flaps: 0, Average Flaps: 0.0, Standard Deviation Of Flaps: 0.0
GameOver TIMESTEP: 1099, STATE: observe, EPSILON: 0.4, ACTION: 0, REWARD: -1, Q_MAX: 3.640799e-02, Episode Reward: 3.8999999999999986, Average Reward: 3.895454545454545, Standard Deviation Of Score: 0.020829889522526467, Flaps: 0, Average Flaps: 0.0, Standard Deviation Of Flaps: 0.0
GameOver TIMESTEP: 1149, STATE: observe, EPSILON: 0.4, ACTION: 0, REWARD: -1, Q_MAX: 4.001006e-02, Episode Reward: 3.8999999999999986, Average Reward: 3.895652173913043, Standard Deviation Of Score: 0.020393111999232234, Flaps: 0, Average Flaps: 0.0, Standard Deviation Of Flaps: 0.0
GameOver TIMESTEP: 1199, STATE: observe, EPSILON: 0.4, ACTION: 1, REWARD: -1, Q_MAX: 3.753294e-02, Episode Reward: 3.8999999999999986, Average Reward: 3.895833333333332, Standard Deviation Of Score: 0.01998263134713626, Flaps: 0, Average Flaps: 0.0, Standard Deviation Of Flaps: 0.0
GameOver TIMESTEP: 1249, STATE: observe, EPSILON: 0.4, ACTION: 0, REWARD: -1, Q_MAX: 3.801033e-02, Episode Reward: 3.8999999999999986, Average Reward: 3.895999999999999, Standard Deviation Of Score: 0.019595917942265353, Flaps: 0, Average Flaps: 0.0, Standard Deviation Of Flaps: 0.0
GameOver TIMESTEP: 1299, STATE: observe, EPSILON: 0.4, ACTION: 0, REWARD: -1, Q_MAX: 3.616714e-02, Episode Reward: 3.8999999999999986, Average Reward: 3.8961538461538456, Standard Deviation Of Score: 0.01923076923076916, Flaps: 0, Average Flaps: 0.0, Standard Deviation Of Flaps: 0.0
GameOver TIMESTEP: 1349, STATE: observe, EPSILON: 0.4, ACTION: 0, REWARD: -1, Q_MAX: 4.580524e-02, Episode Reward: 3.8999999999999986, Average Reward: 3.896296296296296, Standard Deviation Of Score: 0.018885257457750985, Flaps: 0, Average Flaps: 0.0, Standard Deviation Of Flaps: 0.0
GameOver TIMESTEP: 1400, STATE: observe, EPSILON: 0.4, ACTION: 0, REWARD: -1, Q_MAX: 3.543359e-02, Episode Reward: 3.9999999999999982, Average Reward: 3.8999999999999995, Standard Deviation Of Score: 0.026726124191242342, Flaps: 0, Average Flaps: 0.0, Standard Deviation Of Flaps: 0.0
GameOver TIMESTEP: 1450, STATE: observe, EPSILON: 0.4, ACTION: 1, REWARD: -1, Q_MAX: 4.406817e-02, Episode Reward: 3.8999999999999986, Average Reward: 3.9, Standard Deviation Of Score: 0.026261286571944417, Flaps: 0, Average Flaps: 0.0, Standard Deviation Of Flaps: 0.0
GameOver TIMESTEP: 1500, STATE: observe, EPSILON: 0.4, ACTION: 0, REWARD: -1, Q_MAX: 4.551044e-02, Episode Reward: 3.8999999999999986, Average Reward: 3.9, Standard Deviation Of Score: 0.025819888974716022, Flaps: 0, Average Flaps: 0.0, Standard Deviation Of Flaps: 0.0
GameOver TIMESTEP: 1550, STATE: observe, EPSILON: 0.4, ACTION: 0, REWARD: -1, Q_MAX: 3.655230e-02, Episode Reward: 3.8999999999999986, Average Reward: 3.9000000000000004, Standard Deviation Of Score: 0.02540002540003801, Flaps: 0, Average Flaps: 0.0, Standard Deviation Of Flaps: 0.0
GameOver TIMESTEP: 1600, STATE: observe, EPSILON: 0.4, ACTION: 0, REWARD: -1, Q_MAX: 4.114649e-02, Episode Reward: 3.8999999999999986, Average Reward: 3.8999999999999986, Standard Deviation Of Score: 0.02499999999999991, Flaps: 0, Average Flaps: 0.0, Standard Deviation Of Flaps: 0.0
GameOver TIMESTEP: 1650, STATE: observe, EPSILON: 0.4, ACTION: 0, REWARD: -1, Q_MAX: 4.551044e-02, Episode Reward: 3.8999999999999986, Average Reward: 3.8999999999999986, Standard Deviation Of Score: 0.02461829819586646, Flaps: 0, Average Flaps: 0.0, Standard Deviation Of Flaps: 0.0
GameOver TIMESTEP: 1700, STATE: observe, EPSILON: 0.4, ACTION: 0, REWARD: -1, Q_MAX: 3.974009e-02, Episode Reward: 3.8999999999999986, Average Reward: 3.899999999999999, Standard Deviation Of Score: 0.02425356250363321, Flaps: 0, Average Flaps: 0.0, Standard Deviation Of Flaps: 0.0
GameOver TIMESTEP: 1750, STATE: observe, EPSILON: 0.4, ACTION: 0, REWARD: -1, Q_MAX: 3.828076e-02, Episode Reward: 3.8999999999999986, Average Reward: 3.899999999999999, Standard Deviation Of Score: 0.02390457218668779, Flaps: 0, Average Flaps: 0.0, Standard Deviation Of Flaps: 0.0
GameOver TIMESTEP: 1800, STATE: observe, EPSILON: 0.4, ACTION: 0, REWARD: -1, Q_MAX: 3.526530e-02, Episode Reward: 3.8999999999999986, Average Reward: 3.8999999999999995, Standard Deviation Of Score: 0.0235702260395515, Flaps: 0, Average Flaps: 0.0, Standard Deviation Of Flaps: 0.0
GameOver TIMESTEP: 1850, STATE: observe, EPSILON: 0.4, ACTION: 0, REWARD: -1, Q_MAX: 4.200076e-02, Episode Reward: 3.8999999999999986, Average Reward: 3.8999999999999995, Standard Deviation Of Score: 0.023249527748763776, Flaps: 0, Average Flaps: 0.0, Standard Deviation Of Flaps: 0.0
GameOver TIMESTEP: 1900, STATE: observe, EPSILON: 0.4, ACTION: 0, REWARD: -1, Q_MAX: 3.853647e-02, Episode Reward: 3.8999999999999986, Average Reward: 3.9, Standard Deviation Of Score: 0.022941573387056095, Flaps: 0, Average Flaps: 0.0, Standard Deviation Of Flaps: 0.0
GameOver TIMESTEP: 1956, STATE: observe, EPSILON: 0.4, ACTION: 0, REWARD: -1, Q_MAX: 4.470634e-02, Episode Reward: 4.4999999999999964, Average Reward: 3.9153846153846152, Standard Deviation Of Score: 0.09750335047093064, Flaps: 0, Average Flaps: 0.0, Standard Deviation Of Flaps: 0.0
GameOver TIMESTEP: 2006, STATE: observe, EPSILON: 0.4, ACTION: 0, REWARD: -1, Q_MAX: 4.674004e-02, Episode Reward: 3.8999999999999986, Average Reward: 3.9149999999999983, Standard Deviation Of Score: 0.09630680142129078, Flaps: 0, Average Flaps: 0.0, Standard Deviation Of Flaps: 0.0
GameOver TIMESTEP: 2056, STATE: observe, EPSILON: 0.4, ACTION: 0, REWARD: -1, Q_MAX: 4.549946e-02, Episode Reward: 3.8999999999999986, Average Reward: 3.914634146341462, Standard Deviation Of Score: 0.09515321562502971, Flaps: 0, Average Flaps: 0.0, Standard Deviation Of Flaps: 0.0
GameOver TIMESTEP: 2106, STATE: observe, EPSILON: 0.4, ACTION: 1, REWARD: -1, Q_MAX: 3.995606e-02, Episode Reward: 3.8999999999999986, Average Reward: 3.9142857142857133, Standard Deviation Of Score: 0.09404008408634014, Flaps: 0, Average Flaps: 0.0, Standard Deviation Of Flaps: 0.0
GameOver TIMESTEP: 2156, STATE: observe, EPSILON: 0.4, ACTION: 0, REWARD: -1, Q_MAX: 4.297043e-02, Episode Reward: 3.8999999999999986, Average Reward: 3.913953488372092, Standard Deviation Of Score: 0.09296509809910054, Flaps: 0, Average Flaps: 0.0, Standard Deviation Of Flaps: 0.0
GameOver TIMESTEP: 2206, STATE: observe, EPSILON: 0.4, ACTION: 1, REWARD: -1, Q_MAX: 4.246707e-02, Episode Reward: 3.8999999999999986, Average Reward: 3.9136363636363627, Standard Deviation Of Score: 0.09192612916434825, Flaps: 0, Average Flaps: 0.0, Standard Deviation Of Flaps: 0.0
GameOver TIMESTEP: 2256, STATE: observe, EPSILON: 0.4, ACTION: 0, REWARD: -1, Q_MAX: 4.111941e-02, Episode Reward: 3.8999999999999986, Average Reward: 3.9133333333333327, Standard Deviation Of Score: 0.09092121131323871, Flaps: 0, Average Flaps: 0.0, Standard Deviation Of Flaps: 0.0
GameOver TIMESTEP: 2306, STATE: observe, EPSILON: 0.4, ACTION: 1, REWARD: -1, Q_MAX: 4.174465e-02, Episode Reward: 3.8999999999999986, Average Reward: 3.9130434782608687, Standard Deviation Of Score: 0.08994852550250924, Flaps: 0, Average Flaps: 0.0, Standard Deviation Of Flaps: 0.0
GameOver TIMESTEP: 2356, STATE: observe, EPSILON: 0.4, ACTION: 0, REWARD: -1, Q_MAX: 4.473625e-02, Episode Reward: 3.8999999999999986, Average Reward: 3.912765957446808, Standard Deviation Of Score: 0.08900638580149706, Flaps: 0, Average Flaps: 0.0, Standard Deviation Of Flaps: 0.0
GameOver TIMESTEP: 2406, STATE: observe, EPSILON: 0.4, ACTION: 0, REWARD: -1, Q_MAX: 4.000027e-02, Episode Reward: 3.8999999999999986, Average Reward: 3.9124999999999983, Standard Deviation Of Score: 0.08809322713277459, Flaps: 0, Average Flaps: 0.0, Standard Deviation Of Flaps: 0.0
GameOver TIMESTEP: 2456, STATE: observe, EPSILON: 0.4, ACTION: 0, REWARD: -1, Q_MAX: 3.495705e-02, Episode Reward: 3.8999999999999986, Average Reward: 3.9122448979591824, Standard Deviation Of Score: 0.08720759436416906, Flaps: 0, Average Flaps: 0.0, Standard Deviation Of Flaps: 0.0
GameOver TIMESTEP: 2506, STATE: observe, EPSILON: 0.4, ACTION: 0, REWARD: -1, Q_MAX: 4.682755e-02, Episode Reward: 3.8999999999999986, Average Reward: 3.9119999999999986, Standard Deviation Of Score: 0.0863481325796913, Flaps: 0, Average Flaps: 0.0, Standard Deviation Of Flaps: 0.0
GameOver TIMESTEP: 2556, STATE: observe, EPSILON: 0.4, ACTION: 1, REWARD: -1, Q_MAX: 3.735770e-02, Episode Reward: 3.8999999999999986, Average Reward: 3.911764705882352, Standard Deviation Of Score: 0.08551357838179001, Flaps: 0, Average Flaps: 0.0, Standard Deviation Of Flaps: 0.0
GameOver TIMESTEP: 2606, STATE: observe, EPSILON: 0.4, ACTION: 0, REWARD: -1, Q_MAX: 3.903106e-02, Episode Reward: 3.8999999999999986, Average Reward: 3.9115384615384605, Standard Deviation Of Score: 0.08470275209825062, Flaps: 0, Average Flaps: 0.0, Standard Deviation Of Flaps: 0.0
GameOver TIMESTEP: 2656, STATE: observe, EPSILON: 0.4, ACTION: 0, REWARD: -1, Q_MAX: 4.209054e-02, Episode Reward: 3.8999999999999986, Average Reward: 3.9113207547169804, Standard Deviation Of Score: 0.08391455078466795, Flaps: 0, Average Flaps: 0.0, Standard Deviation Of Flaps: 0.0
GameOver TIMESTEP: 2706, STATE: observe, EPSILON: 0.4, ACTION: 0, REWARD: -1, Q_MAX: 3.437760e-02, Episode Reward: 3.8999999999999986, Average Reward: 3.9111111111111105, Standard Deviation Of Score: 0.08314794192830953, Flaps: 0, Average Flaps: 0.0, Standard Deviation Of Flaps: 0.0
GameOver TIMESTEP: 2756, STATE: observe, EPSILON: 0.4, ACTION: 1, REWARD: -1, Q_MAX: 4.053966e-02, Episode Reward: 3.8999999999999986, Average Reward: 3.9109090909090902, Standard Deviation Of Score: 0.0824019577718154, Flaps: 0, Average Flaps: 0.0, Standard Deviation Of Flaps: 0.0
GameOver TIMESTEP: 2807, STATE: observe, EPSILON: 0.4, ACTION: 0, REWARD: -1, Q_MAX: 4.282896e-02, Episode Reward: 3.9999999999999982, Average Reward: 3.9124999999999983, Standard Deviation Of Score: 0.08251082180105629, Flaps: 0, Average Flaps: 0.0, Standard Deviation Of Flaps: 0.0
GameOver TIMESTEP: 2857, STATE: observe, EPSILON: 0.4, ACTION: 0, REWARD: -1, Q_MAX: 4.134095e-02, Episode Reward: 3.8999999999999986, Average Reward: 3.9122807017543844, Standard Deviation Of Score: 0.0818003033464893, Flaps: 0, Average Flaps: 0.0, Standard Deviation Of Flaps: 0.0
GameOver TIMESTEP: 2907, STATE: observe, EPSILON: 0.4, ACTION: 0, REWARD: -1, Q_MAX: 2.967235e-02, Episode Reward: 3.8999999999999986, Average Reward: 3.91206896551724, Standard Deviation Of Score: 0.08110781714716575, Flaps: 0, Average Flaps: 0.0, Standard Deviation Of Flaps: 0.0
GameOver TIMESTEP: 2957, STATE: observe, EPSILON: 0.4, ACTION: 0, REWARD: -1, Q_MAX: 3.896118e-02, Episode Reward: 3.8999999999999986, Average Reward: 3.9118644067796597, Standard Deviation Of Score: 0.08043261367935343, Flaps: 0, Average Flaps: 0.0, Standard Deviation Of Flaps: 0.0
GameOver TIMESTEP: 3007, STATE: observe, EPSILON: 0.4, ACTION: 0, REWARD: -1, Q_MAX: 3.941117e-02, Episode Reward: 3.8999999999999986, Average Reward: 3.9116666666666657, Standard Deviation Of Score: 0.07977398629182851, Flaps: 0, Average Flaps: 0.0, Standard Deviation Of Flaps: 0.0
GameOver TIMESTEP: 3057, STATE: observe, EPSILON: 0.4, ACTION: 0, REWARD: -1, Q_MAX: 4.145934e-02, Episode Reward: 3.8999999999999986, Average Reward: 3.9114754098360645, Standard Deviation Of Score: 0.07913126810588278, Flaps: 0, Average Flaps: 0.0, Standard Deviation Of Flaps: 0.0
GameOver TIMESTEP: 3107, STATE: observe, EPSILON: 0.4, ACTION: 1, REWARD: -1, Q_MAX: 3.672343e-02, Episode Reward: 3.8999999999999986, Average Reward: 3.911290322580644, Standard Deviation Of Score: 0.07850382918476072, Flaps: 0, Average Flaps: 0.0, Standard Deviation Of Flaps: 0.0
GameOver TIMESTEP: 3157, STATE: observe, EPSILON: 0.4, ACTION: 1, REWARD: -1, Q_MAX: 4.383500e-02, Episode Reward: 3.8999999999999986, Average Reward: 3.91111111111111, Standard Deviation Of Score: 0.07789107394530322, Flaps: 0, Average Flaps: 0.0, Standard Deviation Of Flaps: 0.0
GameOver TIMESTEP: 3207, STATE: observe, EPSILON: 0.4, ACTION: 1, REWARD: -1, Q_MAX: 3.423315e-02, Episode Reward: 3.8999999999999986, Average Reward: 3.9109374999999984, Standard Deviation Of Score: 0.07729243878769745, Flaps: 0, Average Flaps: 0.0, Standard Deviation Of Flaps: 0.0
GameOver TIMESTEP: 3257, STATE: observe, EPSILON: 0.4, ACTION: 1, REWARD: -1, Q_MAX: 3.543183e-02, Episode Reward: 3.8999999999999986, Average Reward: 3.910769230769229, Standard Deviation Of Score: 0.0767073899219561, Flaps: 0, Average Flaps: 0.0, Standard Deviation Of Flaps: 0.0
GameOver TIMESTEP: 3304, STATE: observe, EPSILON: 0.4, ACTION: 0, REWARD: -1, Q_MAX: 4.024823e-02, Episode Reward: 3.5999999999999996, Average Reward: 3.9060606060606045, Standard Deviation Of Score: 0.08506465968253424, Flaps: 0, Average Flaps: 0.0, Standard Deviation Of Flaps: 0.0
GameOver TIMESTEP: 3354, STATE: observe, EPSILON: 0.4, ACTION: 0, REWARD: -1, Q_MAX: 3.731576e-02, Episode Reward: 3.8999999999999986, Average Reward: 3.9059701492537293, Standard Deviation Of Score: 0.08443066044018448, Flaps: 0, Average Flaps: 0.0, Standard Deviation Of Flaps: 0.0
GameOver TIMESTEP: 3404, STATE: observe, EPSILON: 0.4, ACTION: 0, REWARD: -1, Q_MAX: 4.586364e-02, Episode Reward: 3.8999999999999986, Average Reward: 3.905882352941174, Standard Deviation Of Score: 0.08381062852220562, Flaps: 0, Average Flaps: 0.0, Standard Deviation Of Flaps: 0.0
GameOver TIMESTEP: 3454, STATE: observe, EPSILON: 0.4, ACTION: 0, REWARD: -1, Q_MAX: 4.016996e-02, Episode Reward: 3.8999999999999986, Average Reward: 3.9057971014492727, Standard Deviation Of Score: 0.08320405851830301, Flaps: 0, Average Flaps: 0.0, Standard Deviation Of Flaps: 0.0
GameOver TIMESTEP: 3504, STATE: observe, EPSILON: 0.4, ACTION: 0, REWARD: -1, Q_MAX: 4.158760e-02, Episode Reward: 3.8999999999999986, Average Reward: 3.905714285714283, Standard Deviation Of Score: 0.08261047025600518, Flaps: 0, Average Flaps: 0.0, Standard Deviation Of Flaps: 0.0
GameOver TIMESTEP: 3554, STATE: observe, EPSILON: 0.4, ACTION: 0, REWARD: -1, Q_MAX: 4.294720e-02, Episode Reward: 3.8999999999999986, Average Reward: 3.905633802816898, Standard Deviation Of Score: 0.08202940720316046, Flaps: 0, Average Flaps: 0.0, Standard Deviation Of Flaps: 0.0
GameOver TIMESTEP: 3604, STATE: observe, EPSILON: 0.4, ACTION: 0, REWARD: -1, Q_MAX: 3.974662e-02, Episode Reward: 3.8999999999999986, Average Reward: 3.9055555555555546, Standard Deviation Of Score: 0.08146043499230626, Flaps: 0, Average Flaps: 0.0, Standard Deviation Of Flaps: 0.0
GameOver TIMESTEP: 3654, STATE: observe, EPSILON: 0.4, ACTION: 0, REWARD: -1, Q_MAX: 3.825836e-02, Episode Reward: 3.8999999999999986, Average Reward: 3.9054794520547933, Standard Deviation Of Score: 0.08090314005607314, Flaps: 0, Average Flaps: 0.0, Standard Deviation Of Flaps: 0.0
GameOver TIMESTEP: 3704, STATE: observe, EPSILON: 0.4, ACTION: 0, REWARD: -1, Q_MAX: 4.297296e-02, Episode Reward: 3.8999999999999986, Average Reward: 3.905405405405404, Standard Deviation Of Score: 0.08035712836388353, Flaps: 0, Average Flaps: 0.0, Standard Deviation Of Flaps: 0.0
GameOver TIMESTEP: 3723, STATE: observe, EPSILON: 0.4, ACTION: 0, REWARD: -1, Q_MAX: 3.513476e-02, Episode Reward: 0.8000000000000005, Average Reward: 3.8639999999999985, Standard Deviation Of Score: 0.36501689458617276, Flaps: 0, Average Flaps: 0.0, Standard Deviation Of Flaps: 0.0
GameOver TIMESTEP: 3761, STATE: observe, EPSILON: 0.4, ACTION: 0, REWARD: -1, Q_MAX: 3.518911e-02, Episode Reward: 2.700000000000002, Average Reward: 3.848684210526314, Standard Deviation Of Score: 0.38610518782642855, Flaps: 0, Average Flaps: 0.0, Standard Deviation Of Flaps: 0.0
GameOver TIMESTEP: 3811, STATE: observe, EPSILON: 0.4, ACTION: 0, REWARD: -1, Q_MAX: 4.195024e-02, Episode Reward: 3.8999999999999986, Average Reward: 3.8493506493506477, Standard Deviation Of Score: 0.3836338137065848, Flaps: 0, Average Flaps: 0.0, Standard Deviation Of Flaps: 0.0
GameOver TIMESTEP: 3861, STATE: observe, EPSILON: 0.4, ACTION: 1, REWARD: -1, Q_MAX: 4.557028e-02, Episode Reward: 3.8999999999999986, Average Reward: 3.849999999999998, Standard Deviation Of Score: 0.38120927693395984, Flaps: 0, Average Flaps: 0.0, Standard Deviation Of Flaps: 0.0
GameOver TIMESTEP: 3911, STATE: observe, EPSILON: 0.4, ACTION: 1, REWARD: -1, Q_MAX: 4.699097e-02, Episode Reward: 3.8999999999999986, Average Reward: 3.850632911392403, Standard Deviation Of Score: 0.3788301171382988, Flaps: 0, Average Flaps: 0.0, Standard Deviation Of Flaps: 0.0
GameOver TIMESTEP: 3961, STATE: observe, EPSILON: 0.4, ACTION: 0, REWARD: -1, Q_MAX: 4.671675e-02, Episode Reward: 3.8999999999999986, Average Reward: 3.851249999999999, Standard Deviation Of Score: 0.37649493688494634, Flaps: 0, Average Flaps: 0.0, Standard Deviation Of Flaps: 0.0
GameOver TIMESTEP: 4011, STATE: observe, EPSILON: 0.4, ACTION: 1, REWARD: -1, Q_MAX: 4.406817e-02, Episode Reward: 3.8999999999999986, Average Reward: 3.8518518518518503, Standard Deviation Of Score: 0.37420239823155776, Flaps: 0, Average Flaps: 0.0, Standard Deviation Of Flaps: 0.0
GameOver TIMESTEP: 4061, STATE: observe, EPSILON: 0.4, ACTION: 0, REWARD: -1, Q_MAX: 3.447011e-02, Episode Reward: 3.8999999999999986, Average Reward: 3.852439024390242, Standard Deviation Of Score: 0.3719512195121948, Flaps: 0, Average Flaps: 0.0, Standard Deviation Of Flaps: 0.0
GameOver TIMESTEP: 4111, STATE: observe, EPSILON: 0.4, ACTION: 0, REWARD: -1, Q_MAX: 4.201701e-02, Episode Reward: 3.8999999999999986, Average Reward: 3.853012048192769, Standard Deviation Of Score: 0.36974017233127865, Flaps: 0, Average Flaps: 0.0, Standard Deviation Of Flaps: 0.0
GameOver TIMESTEP: 4150, STATE: observe, EPSILON: 0.4, ACTION: 0, REWARD: -1, Q_MAX: 3.780264e-02, Episode Reward: 2.800000000000002, Average Reward: 3.840476190476189, Standard Deviation Of Score: 0.3848682667698644, Flaps: 0, Average Flaps: 0.0, Standard Deviation Of Flaps: 0.0
GameOver TIMESTEP: 4200, STATE: observe, EPSILON: 0.4, ACTION: 0, REWARD: -1, Q_MAX: 3.681713e-02, Episode Reward: 3.8999999999999986, Average Reward: 3.841176470588233, Standard Deviation Of Score: 0.38265146717178466, Flaps: 0, Average Flaps: 0.0, Standard Deviation Of Flaps: 0.0
GameOver TIMESTEP: 4250, STATE: observe, EPSILON: 0.4, ACTION: 0, REWARD: -1, Q_MAX: 4.048055e-02, Episode Reward: 3.8999999999999986, Average Reward: 3.8418604651162767, Standard Deviation Of Score: 0.38047250803077115, Flaps: 0, Average Flaps: 0.0, Standard Deviation Of Flaps: 0.0
GameOver TIMESTEP: 4300, STATE: observe, EPSILON: 0.4, ACTION: 1, REWARD: -1, Q_MAX: 4.513101e-02, Episode Reward: 3.8999999999999986, Average Reward: 3.8425287356321816, Standard Deviation Of Score: 0.3783303257487558, Flaps: 0, Average Flaps: 0.0, Standard Deviation Of Flaps: 0.0
GameOver TIMESTEP: 4350, STATE: observe, EPSILON: 0.4, ACTION: 0, REWARD: -1, Q_MAX: 4.544471e-02, Episode Reward: 3.8999999999999986, Average Reward: 3.8431818181818174, Standard Deviation Of Score: 0.37622389808145223, Flaps: 0, Average Flaps: 0.0, Standard Deviation Of Flaps: 0.0
GameOver TIMESTEP: 4400, STATE: observe, EPSILON: 0.4, ACTION: 1, REWARD: -1, Q_MAX: 4.157859e-02, Episode Reward: 3.8999999999999986, Average Reward: 3.8438202247191002, Standard Deviation Of Score: 0.37415224209553744, Flaps: 0, Average Flaps: 0.0, Standard Deviation Of Flaps: 0.0
GameOver TIMESTEP: 4450, STATE: observe, EPSILON: 0.4, ACTION: 0, REWARD: -1, Q_MAX: 4.012118e-02, Episode Reward: 3.8999999999999986, Average Reward: 3.844444444444443, Standard Deviation Of Score: 0.3721144122477236, Flaps: 0, Average Flaps: 0.0, Standard Deviation Of Flaps: 0.0
GameOver TIMESTEP: 4500, STATE: observe, EPSILON: 0.4, ACTION: 0, REWARD: -1, Q_MAX: 4.038156e-02, Episode Reward: 3.8999999999999986, Average Reward: 3.8450549450549434, Standard Deviation Of Score: 0.3701094985772246, Flaps: 0, Average Flaps: 0.0, Standard Deviation Of Flaps: 0.0
GameOver TIMESTEP: 4550, STATE: observe, EPSILON: 0.4, ACTION: 0, REWARD: -1, Q_MAX: 3.180167e-02, Episode Reward: 3.8999999999999986, Average Reward: 3.8456521739130416, Standard Deviation Of Score: 0.36813662500379774, Flaps: 0, Average Flaps: 0.0, Standard Deviation Of Flaps: 0.0
GameOver TIMESTEP: 4600, STATE: observe, EPSILON: 0.4, ACTION: 0, REWARD: -1, Q_MAX: 4.353973e-02, Episode Reward: 3.8999999999999986, Average Reward: 3.846236559139783, Standard Deviation Of Score: 0.36619494772415656, Flaps: 0, Average Flaps: 0.0, Standard Deviation Of Flaps: 0.0
GameOver TIMESTEP: 4651, STATE: observe, EPSILON: 0.4, ACTION: 0, REWARD: -1, Q_MAX: 4.482827e-02, Episode Reward: 3.9999999999999982, Average Reward: 3.84787234042553, Standard Deviation Of Score: 0.3645833306387285, Flaps: 0, Average Flaps: 0.0, Standard Deviation Of Flaps: 0.0
GameOver TIMESTEP: 4701, STATE: observe, EPSILON: 0.4, ACTION: 0, REWARD: -1, Q_MAX: 4.312146e-02, Episode Reward: 3.8999999999999986, Average Reward: 3.848421052631577, Standard Deviation Of Score: 0.3626984126021987, Flaps: 0, Average Flaps: 0.0, Standard Deviation Of Flaps: 0.0
GameOver TIMESTEP: 4788, STATE: observe, EPSILON: 0.4, ACTION: 0, REWARD: -1, Q_MAX: 3.469996e-02, Episode Reward: 8.499999999999986, Average Reward: 3.8968749999999983, Standard Deviation Of Score: 0.5943226405258891, Flaps: 1, Average Flaps: 0.010416666666666666, Standard Deviation Of Flaps: 0.1015291077584267
GameOver TIMESTEP: 4838, STATE: observe, EPSILON: 0.4, ACTION: 0, REWARD: -1, Q_MAX: 3.780293e-02, Episode Reward: 3.8999999999999986, Average Reward: 3.8969072164948435, Standard Deviation Of Score: 0.5912512693907457, Flaps: 0, Average Flaps: 0.010309278350515464, Standard Deviation Of Flaps: 0.10100988630033723
GameOver TIMESTEP: 4894, STATE: observe, EPSILON: 0.4, ACTION: 1, REWARD: -1, Q_MAX: 3.814176e-02, Episode Reward: 4.4999999999999964, Average Reward: 3.903061224489794, Standard Deviation Of Score: 0.5913412774833513, Flaps: 0, Average Flaps: 0.01020408163265306, Standard Deviation Of Flaps: 0.10049854899791943
GameOver TIMESTEP: 4944, STATE: observe, EPSILON: 0.4, ACTION: 0, REWARD: -1, Q_MAX: 3.964392e-02, Episode Reward: 3.8999999999999986, Average Reward: 3.903030303030301, Standard Deviation Of Score: 0.5883472048248034, Flaps: 0, Average Flaps: 0.010101010101010102, Standard Deviation Of Flaps: 0.0999948983496128
GameOver TIMESTEP: 4994, STATE: observe, EPSILON: 0.4, ACTION: 0, REWARD: -1, Q_MAX: 3.966438e-02, Episode Reward: 3.8999999999999986, Average Reward: 3.902999999999998, Standard Deviation Of Score: 0.5853981551047103, Flaps: 0, Average Flaps: 0.01, Standard Deviation Of Flaps: 0.09949874371066199
GameOver TIMESTEP: 5044, STATE: observe, EPSILON: 0.4, ACTION: 0, REWARD: -1, Q_MAX: 4.292886e-02, Episode Reward: 3.8999999999999986, Average Reward: 3.9029702970297007, Standard Deviation Of Score: 0.5824930111414414, Flaps: 0, Average Flaps: 0.009900990099009901, Standard Deviation Of Flaps: 0.099009900990099
GameOver TIMESTEP: 5094, STATE: observe, EPSILON: 0.4, ACTION: 0, REWARD: -1, Q_MAX: 3.640701e-02, Episode Reward: 3.8999999999999986, Average Reward: 3.9029411764705855, Standard Deviation Of Score: 0.5796306941819334, Flaps: 0, Average Flaps: 0.00980392156862745, Standard Deviation Of Flaps: 0.09852819236393032
GameOver TIMESTEP: 5159, STATE: observe, EPSILON: 0.4, ACTION: 0, REWARD: -1, Q_MAX: 1.974208e-02, Episode Reward: 6.299999999999994, Average Reward: 3.9262135922330073, Standard Deviation Of Score: 0.6228592331187434, Flaps: 1, Average Flaps: 0.019417475728155338, Standard Deviation Of Flaps: 0.13798709129662037
GameOver TIMESTEP: 5221, STATE: observe, EPSILON: 0.4, ACTION: 0, REWARD: -1, Q_MAX: 3.242510e-02, Episode Reward: 5.999999999999995, Average Reward: 3.946153846153845, Standard Deviation Of Score: 0.6520563739377889, Flaps: 1, Average Flaps: 0.028846153846153848, Standard Deviation Of Flaps: 0.16737399216855012
GameOver TIMESTEP: 5271, STATE: observe, EPSILON: 0.4, ACTION: 0, REWARD: -1, Q_MAX: 4.345398e-02, Episode Reward: 3.8999999999999986, Average Reward: 3.9457142857142844, Standard Deviation Of Score: 0.6489593972813138, Flaps: 0, Average Flaps: 0.02857142857142857, Standard Deviation Of Flaps: 0.16659862556700858
GameOver TIMESTEP: 5321, STATE: observe, EPSILON: 0.4, ACTION: 1, REWARD: -1, Q_MAX: 3.625184e-02, Episode Reward: 3.8999999999999986, Average Reward: 3.9452830188679227, Standard Deviation Of Score: 0.6459061318961706, Flaps: 0, Average Flaps: 0.02830188679245283, Standard Deviation Of Flaps: 0.16583392293629193
GameOver TIMESTEP: 5371, STATE: observe, EPSILON: 0.4, ACTION: 1, REWARD: -1, Q_MAX: 4.016996e-02, Episode Reward: 3.8999999999999986, Average Reward: 3.9448598130841104, Standard Deviation Of Score: 0.6428955591492252, Flaps: 0, Average Flaps: 0.028037383177570093, Standard Deviation Of Flaps: 0.16507964236126815
GameOver TIMESTEP: 5421, STATE: observe, EPSILON: 0.4, ACTION: 0, REWARD: -1, Q_MAX: 4.531878e-02, Episode Reward: 3.8999999999999986, Average Reward: 3.9444444444444424, Standard Deviation Of Score: 0.6399266933325288, Flaps: 0, Average Flaps: 0.027777777777777776, Standard Deviation Of Flaps: 0.16433554953054488
GameOver TIMESTEP: 5476, STATE: observe, EPSILON: 0.4, ACTION: 0, REWARD: -1, Q_MAX: 4.225034e-02, Episode Reward: 4.399999999999997, Average Reward: 3.9486238532110067, Standard Deviation Of Score: 0.6384635627026123, Flaps: 0, Average Flaps: 0.027522935779816515, Standard Deviation Of Flaps: 0.16360141743235784
GameOver TIMESTEP: 5526, STATE: observe, EPSILON: 0.4, ACTION: 1, REWARD: -1, Q_MAX: 3.798980e-02, Episode Reward: 3.8999999999999986, Average Reward: 3.9481818181818156, Standard Deviation Of Score: 0.6355715850078728, Flaps: 0, Average Flaps: 0.02727272727272727, Standard Deviation Of Flaps: 0.16287702606517196
GameOver TIMESTEP: 5576, STATE: observe, EPSILON: 0.4, ACTION: 0, REWARD: -1, Q_MAX: 4.527749e-02, Episode Reward: 3.8999999999999986, Average Reward: 3.947747747747745, Standard Deviation Of Score: 0.6327185513303908, Flaps: 0, Average Flaps: 0.02702702702702703, Standard Deviation Of Flaps: 0.16216216216216223
GameOver TIMESTEP: 5626, STATE: observe, EPSILON: 0.4, ACTION: 0, REWARD: -1, Q_MAX: 4.152343e-02, Episode Reward: 3.8999999999999986, Average Reward: 3.9473214285714273, Standard Deviation Of Score: 0.6299035954341066, Flaps: 0, Average Flaps: 0.026785714285714284, Standard Deviation Of Flaps: 0.16145661892879576
GameOver TIMESTEP: 5645, STATE: observe, EPSILON: 0.4, ACTION: 0, REWARD: -1, Q_MAX: 3.412797e-02, Episode Reward: 0.8000000000000005, Average Reward: 3.9194690265486716, Standard Deviation Of Score: 0.6929299607150586, Flaps: 0, Average Flaps: 0.02654867256637168, Standard Deviation Of Flaps: 0.16076019579278716
GameOver TIMESTEP: 5695, STATE: observe, EPSILON: 0.4, ACTION: 0, REWARD: -1, Q_MAX: 4.536238e-02, Episode Reward: 3.8999999999999986, Average Reward: 3.9192982456140335, Standard Deviation Of Score: 0.689886488626863, Flaps: 0, Average Flaps: 0.02631578947368421, Standard Deviation Of Flaps: 0.16007269816574266
GameOver TIMESTEP: 5745, STATE: observe, EPSILON: 0.4, ACTION: 0, REWARD: -1, Q_MAX: 3.600693e-02, Episode Reward: 3.8999999999999986, Average Reward: 3.9191304347826073, Standard Deviation Of Score: 0.6868827698439558, Flaps: 0, Average Flaps: 0.02608695652173913, Standard Deviation Of Flaps: 0.15939393721585526
GameOver TIMESTEP: 5795, STATE: observe, EPSILON: 0.4, ACTION: 0, REWARD: -1, Q_MAX: 4.323063e-02, Episode Reward: 3.8999999999999986, Average Reward: 3.9189655172413778, Standard Deviation Of Score: 0.6839179464172783, Flaps: 0, Average Flaps: 0.02586206896551724, Standard Deviation Of Flaps: 0.15872372965105147
GameOver TIMESTEP: 5846, STATE: observe, EPSILON: 0.4, ACTION: 1, REWARD: -1, Q_MAX: 3.326153e-02, Episode Reward: 3.9999999999999982, Average Reward: 3.9196581196581177, Standard Deviation Of Score: 0.6810298029598555, Flaps: 0, Average Flaps: 0.02564102564102564, Standard Deviation Of Flaps: 0.158061897512025
GameOver TIMESTEP: 5896, STATE: observe, EPSILON: 0.4, ACTION: 0, REWARD: -1, Q_MAX: 4.105821e-02, Episode Reward: 3.8999999999999986, Average Reward: 3.919491525423727, Standard Deviation Of Score: 0.6781403377803078, Flaps: 0, Average Flaps: 0.025423728813559324, Standard Deviation Of Flaps: 0.15740826797463314
GameOver TIMESTEP: 5946, STATE: observe, EPSILON: 0.4, ACTION: 1, REWARD: -1, Q_MAX: 3.576693e-02, Episode Reward: 3.8999999999999986, Average Reward: 3.919327731092435, Standard Deviation Of Score: 0.6752873413834035, Flaps: 0, Average Flaps: 0.025210084033613446, Standard Deviation Of Flaps: 0.15676267316115658
GameOver TIMESTEP: 5996, STATE: observe, EPSILON: 0.4, ACTION: 0, REWARD: -1, Q_MAX: 4.367360e-02, Episode Reward: 3.8999999999999986, Average Reward: 3.919166666666665, Standard Deviation Of Score: 0.6724700530300368, Flaps: 0, Average Flaps: 0.025, Standard Deviation Of Flaps: 0.15612494995995996
GameOver TIMESTEP: 6046, STATE: observe, EPSILON: 0.4, ACTION: 0, REWARD: -1, Q_MAX: 3.789174e-02, Episode Reward: 3.8999999999999986, Average Reward: 3.9190082644628084, Standard Deviation Of Score: 0.6696877340139371, Flaps: 0, Average Flaps: 0.024793388429752067, Standard Deviation Of Flaps: 0.15549493985311388
GameOver TIMESTEP: 6096, STATE: observe, EPSILON: 0.4, ACTION: 1, REWARD: -1, Q_MAX: 3.801033e-02, Episode Reward: 3.8999999999999986, Average Reward: 3.918852459016392, Standard Deviation Of Score: 0.6669396668479562, Flaps: 0, Average Flaps: 0.02459016393442623, Standard Deviation Of Flaps: 0.15487248875156706
GameOver TIMESTEP: 6147, STATE: observe, EPSILON: 0.4, ACTION: 0, REWARD: -1, Q_MAX: 3.677901e-02, Episode Reward: 3.9999999999999982, Average Reward: 3.9195121951219494, Standard Deviation Of Score: 0.6642629678837167, Flaps: 0, Average Flaps: 0.024390243902439025, Standard Deviation Of Flaps: 0.1542574468374819
GameOver TIMESTEP: 6197, STATE: observe, EPSILON: 0.4, ACTION: 1, REWARD: -1, Q_MAX: 4.527749e-02, Episode Reward: 3.8999999999999986, Average Reward: 3.9193548387096757, Standard Deviation Of Score: 0.6615813678963102, Flaps: 0, Average Flaps: 0.024193548387096774, Standard Deviation Of Flaps: 0.15364966841336813
GameOver TIMESTEP: 6250, STATE: observe, EPSILON: 0.4, ACTION: 0, REWARD: -1, Q_MAX: 4.235680e-02, Episode Reward: 4.1999999999999975, Average Reward: 3.921599999999998, Standard Deviation Of Score: 0.6594038519754023, Flaps: 0, Average Flaps: 0.024, Standard Deviation Of Flaps: 0.15304901175767194
GameOver TIMESTEP: 6300, STATE: observe, EPSILON: 0.4, ACTION: 0, REWARD: -1, Q_MAX: 3.933810e-02, Episode Reward: 3.8999999999999986, Average Reward: 3.9214285714285695, Standard Deviation Of Score: 0.6567847540495484, Flaps: 0, Average Flaps: 0.023809523809523808, Standard Deviation Of Flaps: 0.15245533898649638
GameOver TIMESTEP: 6350, STATE: observe, EPSILON: 0.4, ACTION: 0, REWARD: -1, Q_MAX: 3.932473e-02, Episode Reward: 3.8999999999999986, Average Reward: 3.921259842519683, Standard Deviation Of Score: 0.6541966187213368, Flaps: 0, Average Flaps: 0.023622047244094488, Standard Deviation Of Flaps: 0.15186851592114892
GameOver TIMESTEP: 6400, STATE: observe, EPSILON: 0.4, ACTION: 0, REWARD: -1, Q_MAX: 3.890949e-02, Episode Reward: 3.8999999999999986, Average Reward: 3.921093749999998, Standard Deviation Of Score: 0.6516388407016082, Flaps: 0, Average Flaps: 0.0234375, Standard Deviation Of Flaps: 0.15128841196122722
GameOver TIMESTEP: 6450, STATE: observe, EPSILON: 0.4, ACTION: 1, REWARD: -1, Q_MAX: 3.582198e-02, Episode Reward: 3.8999999999999986, Average Reward: 3.920930232558138, Standard Deviation Of Score: 0.649110831138639, Flaps: 0, Average Flaps: 0.023255813953488372, Standard Deviation Of Flaps: 0.1507148999629735
GameOver TIMESTEP: 6500, STATE: observe, EPSILON: 0.4, ACTION: 0, REWARD: -1, Q_MAX: 4.353973e-02, Episode Reward: 3.8999999999999986, Average Reward: 3.920769230769229, Standard Deviation Of Score: 0.6466120170486428, Flaps: 0, Average Flaps: 0.023076923076923078, Standard Deviation Of Flaps: 0.1501478561226395
GameOver TIMESTEP: 6550, STATE: observe, EPSILON: 0.4, ACTION: 1, REWARD: -1, Q_MAX: 4.578321e-02, Episode Reward: 3.8999999999999986, Average Reward: 3.9206106870228985, Standard Deviation Of Score: 0.6441418407702019, Flaps: 0, Average Flaps: 0.022900763358778626, Standard Deviation Of Flaps: 0.14958715986462157
GameOver TIMESTEP: 6600, STATE: observe, EPSILON: 0.4, ACTION: 1, REWARD: -1, Q_MAX: 4.249231e-02, Episode Reward: 3.8999999999999986, Average Reward: 3.9204545454545436, Standard Deviation Of Score: 0.641699759441451, Flaps: 0, Average Flaps: 0.022727272727272728, Standard Deviation Of Flaps: 0.14903269373413638
GameOver TIMESTEP: 6650, STATE: observe, EPSILON: 0.4, ACTION: 0, REWARD: -1, Q_MAX: 4.020879e-02, Episode Reward: 3.8999999999999986, Average Reward: 3.9203007518796964, Standard Deviation Of Score: 0.639285244498901, Flaps: 0, Average Flaps: 0.022556390977443608, Standard Deviation Of Flaps: 0.1484843432942218
GameOver TIMESTEP: 6700, STATE: observe, EPSILON: 0.4, ACTION: 0, REWARD: -1, Q_MAX: 3.789272e-02, Episode Reward: 3.8999999999999986, Average Reward: 3.920149253731341, Standard Deviation Of Score: 0.6368977811968507, Flaps: 0, Average Flaps: 0.022388059701492536, Standard Deviation Of Flaps: 0.1479419970268583
GameOver TIMESTEP: 6750, STATE: observe, EPSILON: 0.4, ACTION: 0, REWARD: -1, Q_MAX: 4.350592e-02, Episode Reward: 3.8999999999999986, Average Reward: 3.919999999999997, Standard Deviation Of Score: 0.634536868146395, Flaps: 0, Average Flaps: 0.022222222222222223, Standard Deviation Of Flaps: 0.1474055462380178
GameOver TIMESTEP: 6800, STATE: observe, EPSILON: 0.4, ACTION: 1, REWARD: -1, Q_MAX: 4.171927e-02, Episode Reward: 3.8999999999999986, Average Reward: 3.919852941176469, Standard Deviation Of Score: 0.6322020168730932, Flaps: 0, Average Flaps: 0.022058823529411766, Standard Deviation Of Flaps: 0.14687488496645718
GameOver TIMESTEP: 6850, STATE: observe, EPSILON: 0.4, ACTION: 0, REWARD: -1, Q_MAX: 4.292886e-02, Episode Reward: 3.8999999999999986, Average Reward: 3.9197080291970785, Standard Deviation Of Score: 0.6298927513924084, Flaps: 0, Average Flaps: 0.021897810218978103, Standard Deviation Of Flaps: 0.14634990989608337
GameOver TIMESTEP: 6869, STATE: observe, EPSILON: 0.4, ACTION: 0, REWARD: -1, Q_MAX: 3.525544e-02, Episode Reward: 0.8000000000000005, Average Reward: 3.89710144927536, Standard Deviation Of Score: 0.6811054557716859, Flaps: 0, Average Flaps: 0.021739130434782608, Standard Deviation Of Flaps: 0.1458305202717254
GameOver TIMESTEP: 6919, STATE: observe, EPSILON: 0.4, ACTION: 0, REWARD: -1, Q_MAX: 3.562424e-02, Episode Reward: 3.8999999999999986, Average Reward: 3.897122302158272, Standard Deviation Of Score: 0.6786510579255552, Flaps: 0, Average Flaps: 0.02158273381294964, Standard Deviation Of Flaps: 0.1453166178181594
GameOver TIMESTEP: 6969, STATE: observe, EPSILON: 0.4, ACTION: 1, REWARD: -1, Q_MAX: 3.989168e-02, Episode Reward: 3.8999999999999986, Average Reward: 3.897142857142855, Standard Deviation Of Score: 0.6762230039124716, Flaps: 0, Average Flaps: 0.02142857142857143, Standard Deviation Of Flaps: 0.14480810666223778
GameOver TIMESTEP: 7019, STATE: observe, EPSILON: 0.4, ACTION: 0, REWARD: -1, Q_MAX: 4.539514e-02, Episode Reward: 3.8999999999999986, Average Reward: 3.8971631205673742, Standard Deviation Of Score: 0.6738208258183868, Flaps: 0, Average Flaps: 0.02127659574468085, Standard Deviation Of Flaps: 0.14430489325798443
GameOver TIMESTEP: 7069, STATE: observe, EPSILON: 0.4, ACTION: 0, REWARD: -1, Q_MAX: 3.795346e-02, Episode Reward: 3.8999999999999986, Average Reward: 3.8971830985915465, Standard Deviation Of Score: 0.6714440672825911, Flaps: 0, Average Flaps: 0.02112676056338028, Standard Deviation Of Flaps: 0.14380688631452207
GameOver TIMESTEP: 7119, STATE: observe, EPSILON: 0.4, ACTION: 1, REWARD: -1, Q_MAX: 3.890906e-02, Episode Reward: 3.8999999999999986, Average Reward: 3.8972027972027954, Standard Deviation Of Score: 0.6690922831335133, Flaps: 0, Average Flaps: 0.02097902097902098, Standard Deviation Of Flaps: 0.14331399672670764
GameOver TIMESTEP: 7169, STATE: observe, EPSILON: 0.4, ACTION: 0, REWARD: -1, Q_MAX: 3.896118e-02, Episode Reward: 3.8999999999999986, Average Reward: 3.897222222222221, Standard Deviation Of Score: 0.6667650390384525, Flaps: 0, Average Flaps: 0.020833333333333332, Standard Deviation Of Flaps: 0.14282613750835507
GameOver TIMESTEP: 7219, STATE: observe, EPSILON: 0.4, ACTION: 0, REWARD: -1, Q_MAX: 4.355460e-02, Episode Reward: 3.8999999999999986, Average Reward: 3.8972413793103433, Standard Deviation Of Score: 0.6644619111666217, Flaps: 0, Average Flaps: 0.020689655172413793, Standard Deviation Of Flaps: 0.14234322372793307
GameOver TIMESTEP: 7269, STATE: observe, EPSILON: 0.4, ACTION: 1, REWARD: -1, Q_MAX: 4.091059e-02, Episode Reward: 3.8999999999999986, Average Reward: 3.897260273972601, Standard Deviation Of Score: 0.6621824858649047, Flaps: 0, Average Flaps: 0.02054794520547945, Standard Deviation Of Flaps: 0.14186517244663
GameOver TIMESTEP: 7319, STATE: observe, EPSILON: 0.4, ACTION: 0, REWARD: -1, Q_MAX: 4.282358e-02, Episode Reward: 3.8999999999999986, Average Reward: 3.8972789115646242, Standard Deviation Of Score: 0.6599263593457667, Flaps: 0, Average Flaps: 0.02040816326530612, Standard Deviation Of Flaps: 0.14139190265868387
GameOver TIMESTEP: 7368, STATE: observe, EPSILON: 0.4, ACTION: 0, REWARD: -1, Q_MAX: 5.113930e-02, Episode Reward: 3.799999999999999, Average Reward: 3.8966216216216205, Standard Deviation Of Score: 0.6577413790348501, Flaps: 0, Average Flaps: 0.02027027027027027, Standard Deviation Of Flaps: 0.14092333523387982
GameOver TIMESTEP: 7418, STATE: observe, EPSILON: 0.4, ACTION: 0, REWARD: -1, Q_MAX: 3.670458e-02, Episode Reward: 3.8999999999999986, Average Reward: 3.8966442953020115, Standard Deviation Of Score: 0.6555305354216077, Flaps: 0, Average Flaps: 0.020134228187919462, Standard Deviation Of Flaps: 0.14045939286212314
GameOver TIMESTEP: 7468, STATE: observe, EPSILON: 0.4, ACTION: 0, REWARD: -1, Q_MAX: 4.342848e-02, Episode Reward: 3.8999999999999986, Average Reward: 3.896666666666665, Standard Deviation Of Score: 0.6533418366793559, Flaps: 0, Average Flaps: 0.02, Standard Deviation Of Flaps: 0.13999999999999999
GameOver TIMESTEP: 7518, STATE: observe, EPSILON: 0.4, ACTION: 1, REWARD: -1, Q_MAX: 4.205558e-02, Episode Reward: 3.8999999999999986, Average Reward: 3.896688741721852, Standard Deviation Of Score: 0.6511749155702726, Flaps: 0, Average Flaps: 0.019867549668874173, Standard Deviation Of Flaps: 0.13954508281924155
GameOver TIMESTEP: 7568, STATE: observe, EPSILON: 0.4, ACTION: 1, REWARD: -1, Q_MAX: 4.157555e-02, Episode Reward: 3.8999999999999986, Average Reward: 3.8967105263157875, Standard Deviation Of Score: 0.6490294133264528, Flaps: 0, Average Flaps: 0.019736842105263157, Standard Deviation Of Flaps: 0.139094569157013
GameOver TIMESTEP: 7623, STATE: observe, EPSILON: 0.4, ACTION: 0, REWARD: -1, Q_MAX: 4.196048e-02, Episode Reward: 4.399999999999997, Average Reward: 3.899999999999999, Standard Deviation Of Score: 0.6481749138575535, Flaps: 0, Average Flaps: 0.0196078431372549, Standard Deviation Of Flaps: 0.13864838846795047
GameOver TIMESTEP: 7673, STATE: observe, EPSILON: 0.4, ACTION: 0, REWARD: -1, Q_MAX: 4.119832e-02, Episode Reward: 3.8999999999999986, Average Reward: 3.899999999999998, Standard Deviation Of Score: 0.6460670223766231, Flaps: 0, Average Flaps: 0.01948051948051948, Standard Deviation Of Flaps: 0.1382064717778751
GameOver TIMESTEP: 7723, STATE: observe, EPSILON: 0.4, ACTION: 1, REWARD: -1, Q_MAX: 4.542624e-02, Episode Reward: 3.8999999999999986, Average Reward: 3.8999999999999986, Standard Deviation Of Score: 0.6439795628895014, Flaps: 0, Average Flaps: 0.01935483870967742, Standard Deviation Of Flaps: 0.1377687516391137
GameOver TIMESTEP: 7773, STATE: observe, EPSILON: 0.4, ACTION: 0, REWARD: -1, Q_MAX: 4.007589e-02, Episode Reward: 3.8999999999999986, Average Reward: 3.8999999999999977, Standard Deviation Of Score: 0.6419122074328238, Flaps: 0, Average Flaps: 0.019230769230769232, Standard Deviation Of Flaps: 0.1373351620873625
GameOver TIMESTEP: 7823, STATE: observe, EPSILON: 0.4, ACTION: 0, REWARD: -1, Q_MAX: 2.989199e-02, Episode Reward: 3.8999999999999986, Average Reward: 3.899999999999998, Standard Deviation Of Score: 0.6398646353662276, Flaps: 0, Average Flaps: 0.01910828025477707, Standard Deviation Of Flaps: 0.1369056386000298
GameOver TIMESTEP: 7873, STATE: observe, EPSILON: 0.4, ACTION: 0, REWARD: -1, Q_MAX: 4.241204e-02, Episode Reward: 3.8999999999999986, Average Reward: 3.8999999999999972, Standard Deviation Of Score: 0.6378365331634536, Flaps: 0, Average Flaps: 0.0189873417721519, Standard Deviation Of Flaps: 0.1364801180559989
GameOver TIMESTEP: 7923, STATE: observe, EPSILON: 0.4, ACTION: 0, REWARD: -1, Q_MAX: 3.759844e-02, Episode Reward: 3.8999999999999986, Average Reward: 3.899999999999998, Standard Deviation Of Score: 0.6358275942106847, Flaps: 0, Average Flaps: 0.018867924528301886, Standard Deviation Of Flaps: 0.13605853869675433
GameOver TIMESTEP: 7973, STATE: observe, EPSILON: 0.4, ACTION: 0, REWARD: -1, Q_MAX: 4.190976e-02, Episode Reward: 3.8999999999999986, Average Reward: 3.8999999999999986, Standard Deviation Of Score: 0.6338375186118274, Flaps: 0, Average Flaps: 0.01875, Standard Deviation Of Flaps: 0.13564084008881688
GameOver TIMESTEP: 8023, STATE: observe, EPSILON: 0.4, ACTION: 0, REWARD: -1, Q_MAX: 4.393734e-02, Episode Reward: 3.8999999999999986, Average Reward: 3.8999999999999986, Standard Deviation Of Score: 0.6318660130004555, Flaps: 0, Average Flaps: 0.018633540372670808, Standard Deviation Of Flaps: 0.13522696308743629
GameOver TIMESTEP: 8073, STATE: observe, EPSILON: 0.4, ACTION: 0, REWARD: -1, Q_MAX: 3.995111e-02, Episode Reward: 3.8999999999999986, Average Reward: 3.899999999999998, Standard Deviation Of Score: 0.6299127903581485, Flaps: 0, Average Flaps: 0.018518518518518517, Standard Deviation Of Flaps: 0.13481684980149108
GameOver TIMESTEP: 8123, STATE: observe, EPSILON: 0.4, ACTION: 0, REWARD: -1, Q_MAX: 3.825062e-02, Episode Reward: 3.8999999999999986, Average Reward: 3.899999999999998, Standard Deviation Of Score: 0.6279775698389694, Flaps: 0, Average Flaps: 0.018404907975460124, Standard Deviation Of Flaps: 0.13441044355955
GameOver TIMESTEP: 8173, STATE: observe, EPSILON: 0.4, ACTION: 0, REWARD: -1, Q_MAX: 4.542624e-02, Episode Reward: 3.8999999999999986, Average Reward: 3.899999999999998, Standard Deviation Of Score: 0.626060076599837, Flaps: 0, Average Flaps: 0.018292682926829267, Standard Deviation Of Flaps: 0.13400768887704825
GameOver TIMESTEP: 8223, STATE: observe, EPSILON: 0.4, ACTION: 0, REWARD: -1, Q_MAX: 4.344388e-02, Episode Reward: 3.8999999999999986, Average Reward: 3.899999999999998, Standard Deviation Of Score: 0.6241600416365632, Flaps: 0, Average Flaps: 0.01818181818181818, Standard Deviation Of Flaps: 0.13360853142453696
GameOver TIMESTEP: 8273, STATE: observe, EPSILON: 0.4, ACTION: 0, REWARD: -1, Q_MAX: 4.544471e-02, Episode Reward: 3.8999999999999986, Average Reward: 3.8999999999999977, Standard Deviation Of Score: 0.6222772016253282, Flaps: 0, Average Flaps: 0.018072289156626505, Standard Deviation Of Flaps: 0.13321291799696372
GameOver TIMESTEP: 8323, STATE: observe, EPSILON: 0.4, ACTION: 1, REWARD: -1, Q_MAX: 4.316255e-02, Episode Reward: 3.8999999999999986, Average Reward: 3.8999999999999977, Standard Deviation Of Score: 0.6204112987693867, Flaps: 0, Average Flaps: 0.017964071856287425, Standard Deviation Of Flaps: 0.13282079648394512
GameOver TIMESTEP: 8373, STATE: observe, EPSILON: 0.4, ACTION: 1, REWARD: -1, Q_MAX: 4.119772e-02, Episode Reward: 3.8999999999999986, Average Reward: 3.899999999999999, Standard Deviation Of Score: 0.6185620806507997, Flaps: 0, Average Flaps: 0.017857142857142856, Standard Deviation Of Flaps: 0.13243211584099399
GameOver TIMESTEP: 8423, STATE: observe, EPSILON: 0.4, ACTION: 0, REWARD: -1, Q_MAX: 4.132397e-02, Episode Reward: 3.8999999999999986, Average Reward: 3.899999999999998, Standard Deviation Of Score: 0.6167293000869973, Flaps: 0, Average Flaps: 0.01775147928994083, Standard Deviation Of Flaps: 0.13204682606166507
GameOver TIMESTEP: 8473, STATE: observe, EPSILON: 0.4, ACTION: 0, REWARD: -1, Q_MAX: 3.965948e-02, Episode Reward: 3.8999999999999986, Average Reward: 3.8999999999999986, Standard Deviation Of Score: 0.6149127149919915, Flaps: 0, Average Flaps: 0.01764705882352941, Standard Deviation Of Flaps: 0.13166487815058467
GameOver TIMESTEP: 8523, STATE: observe, EPSILON: 0.4, ACTION: 0, REWARD: -1, Q_MAX: 3.894772e-02, Episode Reward: 3.8999999999999986, Average Reward: 3.8999999999999977, Standard Deviation Of Score: 0.6131120882420577, Flaps: 0, Average Flaps: 0.017543859649122806, Standard Deviation Of Flaps: 0.1312862240973313
GameOver TIMESTEP: 8542, STATE: observe, EPSILON: 0.4, ACTION: 0, REWARD: -1, Q_MAX: 3.736583e-02, Episode Reward: 0.8000000000000005, Average Reward: 3.8819767441860447, Standard Deviation Of Score: 0.6551856114916425, Flaps: 0, Average Flaps: 0.01744186046511628, Standard Deviation Of Flaps: 0.13091081685113606
GameOver TIMESTEP: 8592, STATE: observe, EPSILON: 0.4, ACTION: 1, REWARD: -1, Q_MAX: 3.573831e-02, Episode Reward: 3.8999999999999986, Average Reward: 3.8820809248554893, Standard Deviation Of Score: 0.6532906958893258, Flaps: 0, Average Flaps: 0.017341040462427744, Standard Deviation Of Flaps: 0.13053861029637245
GameOver TIMESTEP: 8642, STATE: observe, EPSILON: 0.4, ACTION: 0, REWARD: -1, Q_MAX: 4.545830e-02, Episode Reward: 3.8999999999999986, Average Reward: 3.8821839080459752, Standard Deviation Of Score: 0.6514121270603408, Flaps: 0, Average Flaps: 0.017241379310344827, Standard Deviation Of Flaps: 0.130169559228806
GameOver TIMESTEP: 8692, STATE: observe, EPSILON: 0.4, ACTION: 0, REWARD: -1, Q_MAX: 4.182123e-02, Episode Reward: 3.8999999999999986, Average Reward: 3.8822857142857123, Standard Deviation Of Score: 0.649549671318678, Flaps: 0, Average Flaps: 0.017142857142857144, Standard Deviation Of Flaps: 0.12980361933257767
GameOver TIMESTEP: 8742, STATE: observe, EPSILON: 0.4, ACTION: 0, REWARD: -1, Q_MAX: 4.154987e-02, Episode Reward: 3.8999999999999986, Average Reward: 3.8823863636363622, Standard Deviation Of Score: 0.6477030996286752, Flaps: 0, Average Flaps: 0.017045454545454544, Standard Deviation Of Flaps: 0.12944074715789222
GameOver TIMESTEP: 8792, STATE: observe, EPSILON: 0.4, ACTION: 0, REWARD: -1, Q_MAX: 4.157555e-02, Episode Reward: 3.8999999999999986, Average Reward: 3.8824858757062137, Standard Deviation Of Score: 0.6458721874867075, Flaps: 0, Average Flaps: 0.01694915254237288, Standard Deviation Of Flaps: 0.12908090009938827
GameOver TIMESTEP: 8842, STATE: observe, EPSILON: 0.4, ACTION: 1, REWARD: -1, Q_MAX: 4.523447e-02, Episode Reward: 3.8999999999999986, Average Reward: 3.8825842696629196, Standard Deviation Of Score: 0.6440567148065353, Flaps: 0, Average Flaps: 0.016853932584269662, Standard Deviation Of Flaps: 0.12872403637516402
GameOver TIMESTEP: 8892, STATE: observe, EPSILON: 0.4, ACTION: 0, REWARD: -1, Q_MAX: 4.016996e-02, Episode Reward: 3.8999999999999986, Average Reward: 3.8826815642458086, Standard Deviation Of Score: 0.6422564658081786, Flaps: 0, Average Flaps: 0.01675977653631285, Standard Deviation Of Flaps: 0.12837011500643639
GameOver TIMESTEP: 8951, STATE: observe, EPSILON: 0.4, ACTION: 1, REWARD: -1, Q_MAX: 3.544784e-02, Episode Reward: 4.799999999999995, Average Reward: 3.8877777777777762, Standard Deviation Of Score: 0.6440889824270783, Flaps: 0, Average Flaps: 0.016666666666666666, Standard Deviation Of Flaps: 0.12801909579781015
GameOver TIMESTEP: 9001, STATE: observe, EPSILON: 0.4, ACTION: 0, REWARD: -1, Q_MAX: 3.827854e-02, Episode Reward: 3.8999999999999986, Average Reward: 3.887845303867402, Standard Deviation Of Score: 0.6423079056670289, Flaps: 0, Average Flaps: 0.016574585635359115, Standard Deviation Of Flaps: 0.1276709393181364
GameOver TIMESTEP: 9051, STATE: observe, EPSILON: 0.4, ACTION: 1, REWARD: -1, Q_MAX: 4.205142e-02, Episode Reward: 3.8999999999999986, Average Reward: 3.887912087912086, Standard Deviation Of Score: 0.6405415231044075, Flaps: 0, Average Flaps: 0.016483516483516484, Standard Deviation Of Flaps: 0.1273256068819392
GameOver TIMESTEP: 9101, STATE: observe, EPSILON: 0.4, ACTION: 0, REWARD: -1, Q_MAX: 4.050986e-02, Episode Reward: 3.8999999999999986, Average Reward: 3.8879781420765007, Standard Deviation Of Score: 0.6387896337946799, Flaps: 0, Average Flaps: 0.01639344262295082, Standard Deviation Of Flaps: 0.12698306053139075
GameOver TIMESTEP: 9151, STATE: observe, EPSILON: 0.4, ACTION: 1, REWARD: -1, Q_MAX: 4.176955e-02, Episode Reward: 3.8999999999999986, Average Reward: 3.8880434782608684, Standard Deviation Of Score: 0.6370520406194973, Flaps: 0, Average Flaps: 0.016304347826086956, Standard Deviation Of Flaps: 0.1266432630188157
GameOver TIMESTEP: 9201, STATE: observe, EPSILON: 0.4, ACTION: 1, REWARD: -1, Q_MAX: 4.158760e-02, Episode Reward: 3.8999999999999986, Average Reward: 3.888108108108107, Standard Deviation Of Score: 0.635328550193531, Flaps: 0, Average Flaps: 0.016216216216216217, Standard Deviation Of Flaps: 0.12630617778970724
GameOver TIMESTEP: 9251, STATE: observe, EPSILON: 0.4, ACTION: 0, REWARD: -1, Q_MAX: 4.212231e-02, Episode Reward: 3.8999999999999986, Average Reward: 3.888172043010751, Standard Deviation Of Score: 0.6336189727740685, Flaps: 0, Average Flaps: 0.016129032258064516, Standard Deviation Of Flaps: 0.12597176896623638
GameOver TIMESTEP: 9301, STATE: observe, EPSILON: 0.4, ACTION: 0, REWARD: -1, Q_MAX: 4.352181e-02, Episode Reward: 3.8999999999999986, Average Reward: 3.8882352941176452, Standard Deviation Of Score: 0.6319231221732685, Flaps: 0, Average Flaps: 0.016042780748663103, Standard Deviation Of Flaps: 0.12564000133123776
GameOver TIMESTEP: 9351, STATE: observe, EPSILON: 0.4, ACTION: 0, REWARD: -1, Q_MAX: 3.956414e-02, Episode Reward: 3.8999999999999986, Average Reward: 3.8882978723404236, Standard Deviation Of Score: 0.6302408156729875, Flaps: 0, Average Flaps: 0.015957446808510637, Standard Deviation Of Flaps: 0.12531084031265688
GameOver TIMESTEP: 9401, STATE: observe, EPSILON: 0.4, ACTION: 0, REWARD: -1, Q_MAX: 3.941117e-02, Episode Reward: 3.8999999999999986, Average Reward: 3.8883597883597862, Standard Deviation Of Score: 0.6285718739420856, Flaps: 0, Average Flaps: 0.015873015873015872, Standard Deviation Of Flaps: 0.12498425196844144
GameOver TIMESTEP: 9451, STATE: observe, EPSILON: 0.4, ACTION: 0, REWARD: -1, Q_MAX: 4.293290e-02, Episode Reward: 3.8999999999999986, Average Reward: 3.888421052631577, Standard Deviation Of Score: 0.6269161209561294, Flaps: 0, Average Flaps: 0.015789473684210527, Standard Deviation Of Flaps: 0.12466020297186331
GameOver TIMESTEP: 9502, STATE: observe, EPSILON: 0.4, ACTION: 0, REWARD: -1, Q_MAX: 4.440382e-02, Episode Reward: 3.9999999999999982, Average Reward: 3.889005235602092, Standard Deviation Of Score: 0.6253246737628112, Flaps: 0, Average Flaps: 0.015706806282722512, Standard Deviation Of Flaps: 0.12433866059725569
GameOver TIMESTEP: 9552, STATE: observe, EPSILON: 0.4, ACTION: 0, REWARD: -1, Q_MAX: 4.507560e-02, Episode Reward: 3.8999999999999986, Average Reward: 3.8890624999999983, Standard Deviation Of Score: 0.623694600286937, Flaps: 0, Average Flaps: 0.015625, Standard Deviation Of Flaps: 0.12401959270615269
GameOver TIMESTEP: 9602, STATE: observe, EPSILON: 0.4, ACTION: 0, REWARD: -1, Q_MAX: 4.237655e-02, Episode Reward: 3.8999999999999986, Average Reward: 3.889119170984454, Standard Deviation Of Score: 0.6220772083558344, Flaps: 0, Average Flaps: 0.015544041450777202, Standard Deviation Of Flaps: 0.12370296773381678
GameOver TIMESTEP: 9652, STATE: observe, EPSILON: 0.4, ACTION: 0, REWARD: -1, Q_MAX: 3.808253e-02, Episode Reward: 3.8999999999999986, Average Reward: 3.889175257731957, Standard Deviation Of Score: 0.6204723343859373, Flaps: 0, Average Flaps: 0.015463917525773196, Standard Deviation Of Flaps: 0.12338875467614252
GameOver TIMESTEP: 9702, STATE: observe, EPSILON: 0.4, ACTION: 1, REWARD: -1, Q_MAX: 4.645955e-02, Episode Reward: 3.8999999999999986, Average Reward: 3.8892307692307675, Standard Deviation Of Score: 0.6188798177326862, Flaps: 0, Average Flaps: 0.015384615384615385, Standard Deviation Of Flaps: 0.12307692307692308
GameOver TIMESTEP: 9752, STATE: observe, EPSILON: 0.4, ACTION: 0, REWARD: -1, Q_MAX: 4.537427e-02, Episode Reward: 3.8999999999999986, Average Reward: 3.8892857142857125, Standard Deviation Of Score: 0.6172995006229849, Flaps: 0, Average Flaps: 0.015306122448979591, Standard Deviation Of Flaps: 0.12276744301546902
GameOver TIMESTEP: 9802, STATE: observe, EPSILON: 0.4, ACTION: 0, REWARD: -1, Q_MAX: 3.812536e-02, Episode Reward: 3.8999999999999986, Average Reward: 3.8893401015228406, Standard Deviation Of Score: 0.6157312280895444, Flaps: 0, Average Flaps: 0.015228426395939087, Standard Deviation Of Flaps: 0.12246028509456669
GameOver TIMESTEP: 9852, STATE: observe, EPSILON: 0.4, ACTION: 0, REWARD: -1, Q_MAX: 4.000027e-02, Episode Reward: 3.8999999999999986, Average Reward: 3.8893939393939374, Standard Deviation Of Score: 0.614174847907053, Flaps: 0, Average Flaps: 0.015151515151515152, Standard Deviation Of Flaps: 0.12215542042876588
GameOver TIMESTEP: 9902, STATE: observe, EPSILON: 0.4, ACTION: 0, REWARD: -1, Q_MAX: 4.168328e-02, Episode Reward: 3.8999999999999986, Average Reward: 3.889447236180902, Standard Deviation Of Score: 0.6126302105301119, Flaps: 0, Average Flaps: 0.01507537688442211, Standard Deviation Of Flaps: 0.12185282063298636
GameOver TIMESTEP: 9952, STATE: observe, EPSILON: 0.4, ACTION: 0, REWARD: -1, Q_MAX: 4.179697e-02, Episode Reward: 3.8999999999999986, Average Reward: 3.889499999999998, Standard Deviation Of Score: 0.6110971690328788, Flaps: 0, Average Flaps: 0.015, Standard Deviation Of Flaps: 0.1215524578114322
GameOver TIMESTEP: 10041, STATE: explore, EPSILON: 0.3999840039999999, ACTION: 0, REWARD: 0.1, Q_MAX: 5.488224e-02, Episode Reward: 7.799999999999986, Average Reward: 3.9089552238805956, Standard Deviation Of Score: 0.668792185992666, Flaps: 0, Average Flaps: 0.014925373134328358, Standard Deviation Of Flaps: 0.12125430454680534
